VeeAlign (entity) +  neighbours	0.72686039	0.67054323	0.69528664	0.67970599	0.71331276	Optimum threshold 0.667, Dot product of node with neighbours, softmax, weighted average
VeeAlign (entity) +  neighbours	0.71416414	0.66907378	0.68876777	0.67632531	0.70325524	Optimum threshold 0.667, Dot product of node with neighbours, softmax, weighted average
VeeAlign (entity) + 2,1 neighbours	0.67399267	0.22917367	0.33923481	0.2631986	0.48027059	Optimum threshold 0.376, Dot product of node with neighbours, softmax, weighted average
VeeAlign (entity) + 2,2 neighbours	0.74099222	0.43413674	0.5425385	0.47128048	0.64389373	Optimum threshold 0.584, Dot product of node with neighbours, softmax, weighted average
VeeAlign (entity) + 2,2 neighbours	0.63450676	0.46545894	0.53461751	0.49050401	0.58946088	Optimum threshold 0.473, Dot product of node with neighbours, softmax, weighted average
VeeAlign (entity) + 3,1 neighbours	0.73722066	0.63177353	0.67610513	0.64799899	0.71012169	Optimum threshold 0.476, Dot product of node with neighbours, softmax, weighted average
VeeAlign (entity) + 3,1 neighbours	0.74300996	0.56175524	0.63651245	0.58895018	0.69515127	Optimum threshold 0.651, Dot product of node with neighbours, softmax, weighted average
VeeAlign (entity) + 3,1 neighbours	0.68207626	0.23192092	0.34199136	0.26597111	0.48350314	Optimum threshold 0.393, Dot product of node with neighbours, softmax, weighted average
VeeAlign (entity) + 3,2 neighbours	0.75293948	0.59678959	0.6634976	0.62142427	0.713573	Optimum threshold 0.636, Dot product of node with neighbours, softmax, weighted average
VeeAlign (entity) + 3,2 neighbours	0.74562543	0.43413674	0.54405366	0.47176826	0.64698707	Optimum threshold 0.584, Dot product of node with neighbours, softmax, weighted average
VeeAlign (entity) + 3,2 neighbours	0.65725419	0.45474961	0.53285813	0.48238545	0.59924536	Optimum threshold 0.473, Dot product of node with neighbours, softmax, weighted average
VeeAlign (entity) + 3,2 neighbours	0.73909688	0.56219852	0.63487267	0.58857168	0.69218901	Optimum threshold 0.651, Dot product of node with neighbours, softmax, weighted average
VeeAlign (entity) + 4,1 neighbours	0.69152254	0.6628488	0.67058703	0.66475163	0.68103256	Optimum threshold 0.651, Dot product of node with neighbours, softmax, weighted average
VeeAlign (entity) + 4,1 neighbours	0.72628861	0.56214348	0.63018026	0.58696838	0.68317893	Optimum threshold 0.621, Dot product of node with neighbours, softmax, weighted average
VeeAlign (entity) + 4,1 neighbours	0.65143785	0.23208912	0.3395402	0.26555991	0.47381781	Optimum threshold 0.376, Dot product of node with neighbours, softmax, weighted average
VeeAlign (entity) + 4,2 neighbours	0.73588435	0.58123253	0.64481199	0.60433548	0.69486884	Optimum threshold 0.651, Dot product of node with neighbours, softmax, weighted average
VeeAlign (entity) + 4,2 neighbours	0.59528129	0.47206003	0.52257076	0.49037263	0.56252431	Optimum threshold 0.462, Dot product of node with neighbours, softmax, weighted average
VeeAlign (entity) + 4,2 neighbours	0.75079197	0.59051102	0.65815089	0.61529841	0.70982752	Optimum threshold 0.637, Dot product of node with neighbours, softmax, weighted average
VeeAlign (entity) + 4,2 neighbours	0.72364885	0.4461914	0.54845713	0.4817168	0.63996536	Optimum threshold 0.584, Dot product of node with neighbours, softmax, weighted average
VeeAlign (entity) + 5,1 neighbours	0.72859836	0.56048871	0.62908352	0.58534693	0.68357738	Optimum threshold 0.651, Dot product of node with neighbours, softmax, weighted average
VeeAlign (entity) + 5,1 neighbours	0.72990095	0.63803951	0.67863035	0.65324179	0.70781839	Optimum threshold 0.487, Dot product of node with neighbours, softmax, weighted average
VeeAlign (entity) + 5,1 neighbours	0.67788878	0.23186909	0.3414115	0.26578876	0.48179295	Optimum threshold 0.393, Dot product of node with neighbours, softmax, weighted average
VeeAlign (entity) + 5,2 neighbours	0.76418492	0.59629769	0.66736738	0.62242134	0.72137367	Optimum threshold 0.636, Dot product of node with neighbours, softmax, weighted average
VeeAlign (entity) + 5,2 neighbours	0.73583542	0.56713364	0.63503331	0.59152768	0.69000338	Optimum threshold 0.651, Dot product of node with neighbours, softmax, weighted average
VeeAlign (entity) + 5,2 neighbours	0.59934438	0.46624784	0.52114249	0.48628484	0.56406414	Optimum threshold 0.423, Dot product of node with neighbours, softmax, weighted average
VeeAlign (entity) + 5,2 neighbours	0.75901155	0.4232514	0.53968776	0.4627838	0.6509792	Optimum threshold 0.584, Dot product of node with neighbours, softmax, weighted average
VeeAlign (entity) + 6,1 neighbours	0.66760739	0.22917367	0.33722446	0.26265484	0.47533036	Optimum threshold 0.393, Dot product of node with neighbours, softmax, weighted average
VeeAlign (entity) + 6,1 neighbours	0.71287036	0.64287022	0.67082471	0.65288664	0.69364784	Optimum threshold 0.651, Dot product of node with neighbours, softmax, weighted average
VeeAlign (entity) + 6,1 neighbours	0.72054665	0.5619915	0.62855125	0.58633909	0.67972486	Optimum threshold 0.651, Dot product of node with neighbours, softmax, weighted average
VeeAlign (entity) + 6,2 neighbours	0.70825994	0.4403605	0.53952293	0.47487484	0.62780674	Optimum threshold 0.584, Dot product of node with neighbours, softmax, weighted average
VeeAlign (entity) + 6,2 neighbours	0.58930071	0.47142079	0.51948461	0.48879395	0.55777332	Optimum threshold 0.473, Dot product of node with neighbours, softmax, weighted average
VeeAlign (entity) + 6,2 neighbours	0.73668468	0.60729907	0.66206129	0.62743857	0.70366301	Optimum threshold 0.651, Dot product of node with neighbours, softmax, weighted average
VeeAlign (entity) + 6,2 neighbours	0.73699634	0.57102473	0.63778011	0.59498762	0.69189231	Optimum threshold 0.637, Dot product of node with neighbours, softmax, weighted average
VeeAlign (entity) + 7,1 neighbours	0.69574057	0.23726207	0.3496317	0.27203936	0.49386656	Optimum threshold 0.393, Dot product of node with neighbours, softmax, weighted average
VeeAlign (entity) + 7,1 neighbours	0.7070153	0.57450828	0.63174221	0.59574268	0.67411527	Optimum threshold 0.651, Dot product of node with neighbours, softmax, weighted average
VeeAlign (entity) + 7,1 neighbours	0.73331364	0.63021249	0.67435033	0.64652485	0.70739758	Optimum threshold 0.651, Dot product of node with neighbours, softmax, weighted average
VeeAlign (entity) + 7,2 neighbours	0.73901568	0.43256663	0.542415	0.4703033	0.64381286	Optimum threshold 0.584, Dot product of node with neighbours, softmax, weighted average
VeeAlign (entity) + 7,2 neighbours	0.74309697	0.59890566	0.65937117	0.62106434	0.70581916	Optimum threshold 0.652, Dot product of node with neighbours, softmax, weighted average
VeeAlign (entity) + 7,2 neighbours	0.74647174	0.56506214	0.63933955	0.59198287	0.69815957	Optimum threshold 0.637, Dot product of node with neighbours, softmax, weighted average
VeeAlign (entity) + 7,2 neighbours	0.58058381	0.46454124	0.50888173	0.47995209	0.54734386	Optimum threshold 0.406, Dot product of node with neighbours, softmax, weighted average
VeeAlign (entity) + 8,1 neighbours	0.76197711	0.55269714	0.63327157	0.58125202	0.70170282	Optimum threshold 0.088, Dot product of node with neighbours, softmax, weighted average
VeeAlign (entity) + 8,1 neighbours	0.928	0.76315789	0.83754513	0.79126876	0.88957055	Optimum threshold 0.032, Dot product of node with neighbours, softmax, weighted average
VeeAlign (entity) + 8,1 neighbours	0.69882297	0.79007074	0.74150852	0.76986138	0.71526488	Optimum threshold 0.816, Dot product of node with neighbours, softmax, weighted average
VeeAlign (entity) + 8,1 neighbours	0.44643897	0.40161975	0.40618295	0.39861208	0.42573882	Optimum threshold 0.145, Dot product of node with neighbours, softmax, weighted average
VeeAlign (entity) + 8,1 neighbours	0.83913268	0.93158101	0.88259911	0.9112552	0.85592304	Optimum threshold 0.654, Dot product of node with neighbours, softmax, weighted average
VeeAlign (entity) + 8,1,300 neighbours	0.7281695	0.57475123	0.6406859	0.59911073	0.68990038	Optimum threshold 0.43, Dot product of node with neighbours, softmax, weighted average
VeeAlign (entity) + 8,1,300 neighbours	0.92372881	0.71710526	0.80740741	0.75068871	0.87339744	Optimum threshold 0.062, Dot product of node with neighbours, softmax, weighted average
VeeAlign (entity) + 8,1,600 neighbours	0.925	0.73026316	0.81617647	0.76236264	0.87816456	Optimum threshold 0.119, Dot product of node with neighbours, softmax, weighted average
VeeAlign (entity) + 8,1,600 neighbours	0.78004785	0.53732614	0.63307635	0.57149929	0.71234499	Optimum threshold 0.325, Dot product of node with neighbours, softmax, weighted average
VeeAlign (entity) + 10,1 neighbours	0.93614965	0.87054888	0.90196347	0.88280687	0.92211624	Optimum threshold 0.772, Dot product of node with neighbours, softmax, weighted average
VeeAlign (entity) + 10,1 neighbours	0.40382786	0.45614951	0.39774162	0.42340867	0.39342665	Optimum threshold 0.145, Dot product of node with neighbours, softmax, weighted average
VeeAlign (entity) + 10,1 neighbours	0.74358101	0.55977339	0.63012269	0.58462795	0.69029166	Optimum threshold 0.094, Dot product of node with neighbours, softmax, weighted average
VeeAlign (entity) + 10,1 neighbours	0.91044776	0.80263158	0.85314685	0.82210243	0.88662791	Optimum threshold 0.24, Dot product of node with neighbours, softmax, weighted average
VeeAlign (entity) + 10,1 neighbours	0.7971117	0.68074597	0.73370199	0.70085786	0.7702855	Optimum threshold 0.853, Dot product of node with neighbours, softmax, weighted average
VeeAlign (entity) + 10,1,300 neighbours	0.93076923	0.79605263	0.85815603	0.8197832	0.90029762	Optimum threshold 0.259, Dot product of node with neighbours, softmax, weighted average
VeeAlign (entity) + 10,1,300 neighbours	0.75505114	0.55508039	0.63490081	0.58370409	0.70008076	Optimum threshold 0.217, Dot product of node with neighbours, softmax, weighted average
VeeAlign (entity) + 10,1,600 neighbours	0.73705437	0.56212937	0.63558828	0.58899898	0.6920525	Optimum threshold 0.274, Dot product of node with neighbours, softmax, weighted average
VeeAlign (entity) + 10,1,600 neighbours	0.912	0.75	0.82310469	0.77762619	0.87423313	Optimum threshold 0.26, Dot product of node with neighbours, softmax, weighted average
VeeAlign (entity) + 12,1 neighbours	0.46161734	0.37575038	0.3970517	0.38093373	0.42747831	Optimum threshold 0.154, Dot product of node with neighbours, softmax, weighted average
VeeAlign (entity) + 12,1 neighbours	0.70303527	0.7670175	0.73202151	0.75217606	0.71401474	Optimum threshold 0.808, Dot product of node with neighbours, softmax, weighted average
VeeAlign (entity) + 12,1 neighbours	0.93388747	0.86994813	0.90057661	0.88190024	0.92021731	Optimum threshold 0.765, Dot product of node with neighbours, softmax, weighted average
VeeAlign (entity) + 12,1 neighbours	0.77190924	0.55044769	0.6341949	0.57985893	0.70693367	Optimum threshold 0.094, Dot product of node with neighbours, softmax, weighted average
VeeAlign (entity) + 12,1 neighbours	0.93700787	0.78289474	0.85304659	0.80952381	0.90151515	Optimum threshold 0.032, Dot product of node with neighbours, softmax, weighted average
VeeAlign (entity) + 12,1,300 neighbours	0.70985407	0.58209135	0.63829347	0.60309741	0.67894839	Optimum threshold 0.274, Dot product of node with neighbours, softmax, weighted average
VeeAlign (entity) + 12,1,300 neighbours	0.89473684	0.78289474	0.83508772	0.80296896	0.86988304	Optimum threshold 0.109, Dot product of node with neighbours, softmax, weighted average
VeeAlign (entity) + 12,1,600 neighbours	0.75592334	0.54928889	0.63286273	0.57942883	0.70001939	Optimum threshold 0.217, Dot product of node with neighbours, softmax, weighted average
VeeAlign (entity) + 12,1,600 neighbours	0.9	0.76973684	0.82978723	0.79268293	0.87053571	Optimum threshold 0.119, Dot product of node with neighbours, softmax, weighted average
VeeAlign (entity) + 18,1 neighbours	0.9097057	0.8956714	0.90233054	0.89825149	0.90666721	Optimum threshold 0.724, Dot product of node with neighbours, softmax, weighted average
VeeAlign (entity) + 18,1 neighbours	0.76696632	0.55062637	0.6336391	0.57997448	0.70447834	Optimum threshold 0.094, Dot product of node with neighbours, softmax, weighted average
VeeAlign (entity) + 18,1 neighbours	0.78458773	0.70303987	0.73906013	0.71645909	0.76506217	Optimum threshold 0.847, Dot product of node with neighbours, softmax, weighted average
VeeAlign (entity) + 18,1 neighbours	0.92125984	0.76973684	0.83870968	0.79591837	0.88636364	Optimum threshold 0.145, Dot product of node with neighbours, softmax, weighted average
VeeAlign (entity) + 18,1 neighbours	0.42531466	0.42067825	0.4078502	0.41200363	0.413813	Optimum threshold 0.145, Dot product of node with neighbours, softmax, weighted average
VeeAlign (entity) + 18,1,300 neighbours	0.73326726	0.58299436	0.64039208	0.60304057	0.68995929	Optimum threshold 0.37, Dot product of node with neighbours, softmax, weighted average
VeeAlign (entity) + 18,1,300 neighbours	0.94067797	0.73026316	0.82222222	0.76446281	0.88942308	Optimum threshold 0.179, Dot product of node with neighbours, softmax, weighted average
VeeAlign (entity) + 18,1,600 neighbours	0.71522238	0.57685054	0.63675146	0.59907638	0.68100531	Optimum threshold 0.309, Dot product of node with neighbours, softmax, weighted average
VeeAlign (entity) + 18,1,600 neighbours	0.91935484	0.75	0.82608696	0.77868852	0.87962963	Optimum threshold 0.109, Dot product of node with neighbours, softmax, weighted average
VeeAlign (entity) + 21,1 neighbours	0.47252623	0.38276263	0.40784646	0.3897272	0.43913643	Optimum threshold 0.145, Dot product of node with neighbours, softmax, weighted average
VeeAlign (entity) + 21,1 neighbours	0.7310697	0.57053741	0.63678008	0.59453347	0.68890824	Optimum threshold 0.088, Dot product of node with neighbours, softmax, weighted average
VeeAlign (entity) + 21,1 neighbours	0.89855072	0.81578947	0.85517241	0.8310992	0.88068182	Optimum threshold 0.119, Dot product of node with neighbours, softmax, weighted average
VeeAlign (entity) + 21,1 neighbours	0.89067316	0.90383717	0.89693767	0.90100013	0.89310374	Optimum threshold 0.716, Dot product of node with neighbours, softmax, weighted average
VeeAlign (entity) + 21,1 neighbours	0.74420847	0.71024479	0.72441026	0.71529256	0.73554744	Optimum threshold 0.827, Dot product of node with neighbours, softmax, weighted average
VeeAlign (entity) + 21,1,300 neighbours	0.92622951	0.74342105	0.82481752	0.7739726	0.8828125	Optimum threshold 0.145, Dot product of node with neighbours, softmax, weighted average
VeeAlign (entity) + 21,1,600 neighbours	0.93650794	0.77631579	0.84892086	0.80381471	0.89939024	Optimum threshold 0.083, Dot product of node with neighbours, softmax, weighted average
VeeAlign (entity) + 22,1 neighbours	0.71925502	0.78210013	0.74833198	0.76796017	0.73038612	Optimum threshold 0.822, Dot product of node with neighbours, softmax, weighted average
VeeAlign (entity) + 22,1 neighbours	0.4630885	0.3991087	0.41425845	0.40225258	0.43749034	Optimum threshold 0.145, Dot product of node with neighbours, softmax, weighted average
VeeAlign (entity) + 22,1 neighbours	0.89486326	0.90500495	0.89962106	0.90277461	0.8966928	Optimum threshold 0.713, Dot product of node with neighbours, softmax, weighted average
VeeAlign (entity) + 22,1 neighbours	0.77780382	0.54537113	0.63233193	0.57583918	0.7086734	Optimum threshold 0.094, Dot product of node with neighbours, softmax, weighted average
VeeAlign (entity) + 23,1 neighbours	0.38208484	0.44102171	0.40055376	0.4213036	0.38746409	Optimum threshold 0.145, Dot product of node with neighbours, softmax, weighted average
VeeAlign (entity) + 23,1 neighbours	0.66906526	0.80168287	0.72882092	0.77067171	0.69164966	Optimum threshold 0.805, Dot product of node with neighbours, softmax, weighted average
VeeAlign (entity) + 23,1 neighbours	0.71574654	0.57469822	0.63280103	0.59569018	0.67868456	Optimum threshold 0.088, Dot product of node with neighbours, softmax, weighted average
VeeAlign (entity) + 23,1 neighbours	0.9023751	0.8945794	0.89809111	0.89589311	0.90056696	Optimum threshold 0.711, Dot product of node with neighbours, softmax, weighted average
VeeAlign (entity) + 23,1 neighbours	0.91044776	0.80263158	0.85314685	0.82210243	0.88662791	Optimum threshold 0.2, Dot product of node with neighbours, softmax, weighted average
VeeAlign (entity) + 23,1,300 neighbours	0.95689655	0.73026316	0.82835821	0.76657459	0.90097403	Optimum threshold 0.145, Dot product of node with neighbours, softmax, weighted average
VeeAlign (entity) + 23,1,300 neighbours	0.76008307	0.55648077	0.63838512	0.5859627	0.70461208	Optimum threshold 0.412, Dot product of node with neighbours, softmax, weighted average
VeeAlign (entity) + 23,1,600 neighbours	0.928	0.76315789	0.83754513	0.79126876	0.88957055	Optimum threshold 0.17, Dot product of node with neighbours, softmax, weighted average
VeeAlign (entity) + 23,1,600 neighbours	0.75053572	0.56108677	0.63857907	0.58917362	0.69999573	Optimum threshold 0.217, Dot product of node with neighbours, softmax, weighted average
VeeAlign (entity) + 24,1 neighbours	0.40530169	0.44293017	0.4026244	0.42167324	0.39793847	Optimum threshold 0.145, Dot product of node with neighbours, softmax, weighted average
VeeAlign (entity) + 24,1 neighbours	0.9037037	0.80263158	0.85017422	0.82099596	0.88150289	Optimum threshold 0.179, Dot product of node with neighbours, softmax, weighted average
VeeAlign (entity) + 24,1,300 neighbours	0.94308943	0.76315789	0.84363636	0.79343365	0.90062112	Optimum threshold 0.217, Dot product of node with neighbours, softmax, weighted average
VeeAlign (entity) + 24,1,600 neighbours	0.94444444	0.78289474	0.85611511	0.8106267	0.9070122	Optimum threshold 0.145, Dot product of node with neighbours, softmax, weighted average
VeeAlign (entity) + 28,1 neighbours	0.89928058	0.82236842	0.85910653	0.83668005	0.88276836	Optimum threshold 0.295, Dot product of node with neighbours, softmax, weighted average
VeeAlign (entity) + 28,1,300 neighbours	0.95	0.75	0.83823529	0.78296703	0.90189873	Optimum threshold 0.278, Dot product of node with neighbours, softmax, weighted average
VeeAlign (entity) + 28,1,600 neighbours	0.91596639	0.71710526	0.80442804	0.74965612	0.86783439	Optimum threshold 0.091, Dot product of node with neighbours, softmax, weighted average
VeeAlign (entity) + 32,1 neighbours	0.95726496	0.73684211	0.83271375	0.77241379	0.90322581	Optimum threshold 0.145, Dot product of node with neighbours, softmax, weighted average
VeeAlign (entity) + 32,1 neighbours	0.90709098	0.87660451	0.89134713	0.88238683	0.90066765	Optimum threshold 0.748, Dot product of node with neighbours, softmax, weighted average
VeeAlign (entity) + 32,1 neighbours	0.75694388	0.73137443	0.74235174	0.73536559	0.75063514	Optimum threshold 0.846, Dot product of node with neighbours, softmax, weighted average
VeeAlign (entity) + 32,1,300 neighbours	0.73233124	0.57183899	0.63858747	0.59617204	0.6904793	Optimum threshold 0.274, Dot product of node with neighbours, softmax, weighted average
VeeAlign (entity) + 32,1,300 neighbours	0.93650794	0.77631579	0.84892086	0.80381471	0.89939024	Optimum threshold 0.062, Dot product of node with neighbours, softmax, weighted average
VeeAlign (entity) + 32,1,600 neighbours	0.75707623	0.55082534	0.6349142	0.58123067	0.70188143	Optimum threshold 0.217, Dot product of node with neighbours, softmax, weighted average
VeeAlign (entity) + 32,1,600 neighbours	0.96551724	0.73684211	0.8358209	0.77348066	0.90909091	Optimum threshold 0.179, Dot product of node with neighbours, softmax, weighted average
VeeAlign (entity) + 34,1 neighbours	0.92248062	0.78289474	0.84697509	0.807327	0.89071856	Optimum threshold 0.091, Dot product of node with neighbours, softmax, weighted average
VeeAlign (entity) + 34,1,300 neighbours	0.72616922	0.5641602	0.63428094	0.59013631	0.68615954	Optimum threshold 0.26, Dot product of node with neighbours, softmax, weighted average
VeeAlign (entity) + 34,1,300 neighbours	0.92682927	0.75	0.82909091	0.77975376	0.88509317	Optimum threshold 0.295, Dot product of node with neighbours, softmax, weighted average
VeeAlign (entity) + 34,1,600 neighbours	0.93442623	0.75	0.83211679	0.78082192	0.890625	Optimum threshold 0.119, Dot product of node with neighbours, softmax, weighted average
VeeAlign (entity) + 34,1,600 neighbours	0.7471035	0.56619526	0.63925107	0.59255242	0.69800959	Optimum threshold 0.274, Dot product of node with neighbours, softmax, weighted average
VeeAlign (entity) + 36,1 neighbours	0.7563123	0.73869006	0.74649158	0.74158451	0.75212392	Optimum threshold 0.84, Dot product of node with neighbours, softmax, weighted average
VeeAlign (entity) + 36,1 neighbours	0.92333801	0.87829136	0.90000576	0.88679436	0.91379903	Optimum threshold 0.764, Dot product of node with neighbours, softmax, weighted average
VeeAlign (entity) + 40,1 neighbours	0.79781613	0.68198286	0.73403178	0.70164111	0.77060607	Optimum threshold 0.857, Dot product of node with neighbours, softmax, weighted average
VeeAlign (entity) + 40,1 neighbours	0.92809743	0.87705373	0.90160482	0.88665579	0.91725203	Optimum threshold 0.757, Dot product of node with neighbours, softmax, weighted average
VeeAlign (entity) + 45,1 neighbours	0.9122847	0.88777303	0.89970057	0.89246859	0.90716879	Optimum threshold 0.742, Dot product of node with neighbours, softmax, weighted average
VeeAlign (entity) + 45,1 neighbours	0.81889023	0.65829538	0.72714742	0.68377865	0.77856928	Optimum threshold 0.864, Dot product of node with neighbours, softmax, weighted average
VeeAlign (entity) + 48,1 neighbours	0.90047353	0.91536258	0.90763386	0.91219953	0.90327267	Optimum threshold 0.712, Dot product of node with neighbours, softmax, weighted average
VeeAlign (entity) + 48,1 neighbours	0.59548228	0.83033465	0.69264345	0.76882549	0.63073924	Optimum threshold 0.757, Dot product of node with neighbours, softmax, weighted average
VeeAlign (entity) + 51,1 neighbours	0.89941302	0.90373195	0.90128752	0.90268516	0.90009501	Optimum threshold 0.716, Dot product of node with neighbours, softmax, weighted average
VeeAlign (entity) + 51,1 neighbours	0.8014113	0.65677999	0.71907191	0.67983617	0.76540574	Optimum threshold 0.857, Dot product of node with neighbours, softmax, weighted average
VeeAlign (entity) + 10,1 neighbours(concat range, domain, prop name)	0.698779	0.76241456	0.71562537	0.73991447	0.70185892	Optimum threshold 0.878, optimized entity model + property matching by passing domain and range through siamese followed by concatenation, validation size=2
VeeAlign (entity) + 12,1 neighbours(concat range, domain, prop name)	0.69510395	0.72632433	0.69608467	0.71084295	0.69163163	Optimum threshold 0.879, optimized entity model + property matching by passing domain and range through siamese followed by concatenation, validation size=2
VeeAlign (entity) + 18,1 neighbours(concat range, domain, prop name)	0.80909487	0.6397471	0.70201212	0.66081671	0.75878534	Optimum threshold 0.94, optimized entity model + property matching by passing domain and range through siamese followed by concatenation, validation size=2
VeeAlign (entity) + 21,1 neighbours(concat range, domain, prop name)	0.73441955	0.70251481	0.70560878	0.70079627	0.71942884	Optimum threshold 0.893, optimized entity model + property matching by passing domain and range through siamese followed by concatenation, validation size=2
VeeAlign (entity) + 22,1 neighbours(concat range, domain, prop name)	0.68451866	0.74440077	0.69790745	0.72094434	0.68641231	Optimum threshold 0.877, optimized entity model + property matching by passing domain and range through siamese followed by concatenation, validation size=2
VeeAlign (entity) + 23,1 neighbours(concat range, domain, prop name)	0.73981396	0.70013386	0.71105235	0.70262797	0.72580916	Optimum threshold 0.897, optimized entity model + property matching by passing domain and range through siamese followed by concatenation, validation size=2
VeeAlign (entity) + 24,1 neighbours(concat range, domain, prop name)	0.83910534	0.64521531	0.71637599	0.6694037	0.7811396	Optimum threshold 0.934, optimized entity model + property matching by passing domain and range through siamese followed by concatenation, validation size=2
VeeAlign (entity) + 28,1 neighbours(concat range, domain, prop name)	0.85442177	0.59651401	0.6868254	0.62663819	0.77340307	Optimum threshold 0.957, optimized entity model + property matching by passing domain and range through siamese followed by concatenation, validation size=2
VeeAlign (entity) + 30,1 neighbours(concat range, domain, prop name)	0.81302309	0.64521531	0.70806106	0.66672116	0.76402326	Optimum threshold 0.936, optimized entity model + property matching by passing domain and range through siamese followed by concatenation, validation size=2
VeeAlign (entity) + 32,1 neighbours(concat range, domain, prop name)	0.81343537	0.68622408	0.73542296	0.70316205	0.77784238	Optimum threshold 0.919, optimized entity model + property matching by passing domain and range through siamese followed by concatenation, validation size=2
VeeAlign (entity) + 34,1 neighbours(concat range, domain, prop name)	0.61749796	0.74098599	0.65964623	0.7024194	0.63056054	Optimum threshold 0.869, optimized entity model + property matching by passing domain and range through siamese followed by concatenation, validation size=2
VeeAlign (entity) + 8,1 neighbours(includes multiple parent paths from root)	0.69654227	0.71103617	0.69848176	0.70472931	0.69601926	Optimum threshold 0.686, spellchecked, abbreviation resolved, has removed, oversampled, Dot product of node with neighbours, softmax, dot with trainable param
VeeAlign (entity) + 8,1 neighbours(includes multiple parent paths from root)	0.71501759	0.68788249	0.69443433	0.68922962	0.70454065	Optimum threshold 0.669, spellchecked, abbreviation resolved, has removed, oversampled, Dot product of node with neighbours, softmax, dot with trainable param
VeeAlign (entity) + 8,1,2 neighbours(includes multiple parent paths from root)	0.7310949	0.69122822	0.70494774	0.69544236	0.71885123	Optimum threshold 0.68, spellchecked, abbreviation resolved, has removed, oversampled, Dot product of node with neighbours, softmax, dot with trainable param
VeeAlign (entity) + 10,1 neighbours(includes multiple parent paths from root)	0.70993077	0.706333	0.70220511	0.70332474	0.70530801	Optimum threshold 0.68, spellchecked, abbreviation resolved, has removed, oversampled, Dot product of node with neighbours, softmax, dot with trainable param
VeeAlign (entity) + 10,1 neighbours(includes multiple parent paths from root)	0.72142631	0.70300032	0.7052674	0.7022821	0.71319561	Optimum threshold 0.637, spellchecked, abbreviation resolved, has removed, oversampled, Dot product of node with neighbours, softmax, dot with trainable param
VeeAlign (entity) + 10,1,2 neighbours(includes multiple parent paths from root)	0.69844028	0.70842743	0.69922816	0.70371857	0.69773854	Optimum threshold 0.619, spellchecked, abbreviation resolved, has removed, oversampled, Dot product of node with neighbours, softmax, dot with trainable param
VeeAlign (entity) + 12,1 neighbours(includes multiple parent paths from root)	0.69973399	0.71638197	0.70472339	0.71086286	0.70097343	Optimum threshold 0.68, spellchecked, abbreviation resolved, has removed, oversampled, Dot product of node with neighbours, softmax, dot with trainable param
VeeAlign (entity) + 12,1 neighbours(includes multiple parent paths from root)	0.70042819	0.72103856	0.70366191	0.71241613	0.6999476	Optimum threshold 0.657, spellchecked, abbreviation resolved, has removed, oversampled, Dot product of node with neighbours, softmax, dot with trainable param
VeeAlign (entity) + 12,1,2 neighbours(includes multiple parent paths from root)	0.70916	0.68637563	0.69260605	0.68770699	0.70118697	Optimum threshold 0.68, spellchecked, abbreviation resolved, has removed, oversampled, Dot product of node with neighbours, softmax, dot with trainable param
VeeAlign (entity) + 18,1 neighbours(includes multiple parent paths from root)	0.69494214	0.68153135	0.68288701	0.68091446	0.68865581	Optimum threshold 0.669, spellchecked, abbreviation resolved, has removed, oversampled, Dot product of node with neighbours, softmax, dot with trainable param
VeeAlign (entity) + 18,1 neighbours(includes multiple parent paths from root)	0.73618577	0.66057203	0.6891895	0.67033698	0.71445099	Optimum threshold 0.669, spellchecked, abbreviation resolved, has removed, oversampled, Dot product of node with neighbours, softmax, dot with trainable param
VeeAlign (entity) + 18,1,2 neighbours(includes multiple parent paths from root)	0.70968238	0.67669069	0.69049339	0.68170851	0.70118615	Optimum threshold 0.667, spellchecked, abbreviation resolved, has removed, oversampled, Dot product of node with neighbours, softmax, dot with trainable param
VeeAlign (entity) + 21,1 neighbours(includes multiple parent paths from root)	0.73858787	0.66462789	0.69637525	0.67630887	0.72015763	Optimum threshold 0.524, spellchecked, abbreviation resolved, has removed, oversampled, Dot product of node with neighbours, softmax, dot with trainable param
VeeAlign (entity) + 21,1 neighbours(includes multiple parent paths from root)	0.72813034	0.68691385	0.70373435	0.69284066	0.71733152	Optimum threshold 0.652, spellchecked, abbreviation resolved, has removed, oversampled, Dot product of node with neighbours, softmax, dot with trainable param
VeeAlign (entity) + 21,1,2 neighbours(includes multiple parent paths from root)	0.70215839	0.67707216	0.68423603	0.6786992	0.69361432	Optimum threshold 0.68, spellchecked, abbreviation resolved, has removed, oversampled, Dot product of node with neighbours, softmax, dot with trainable param
VeeAlign (entity) + 22,1 neighbours(includes multiple parent paths from root)	0.74612074	0.66143473	0.69718004	0.67449617	0.72453762	Optimum threshold 0.669, spellchecked, abbreviation resolved, has removed, oversampled, Dot product of node with neighbours, softmax, dot with trainable param
VeeAlign (entity) + 22,1 neighbours(includes multiple parent paths from root)	0.72030234	0.69470556	0.70341026	0.697328	0.71241486	Optimum threshold 0.575, spellchecked, abbreviation resolved, has removed, oversampled, Dot product of node with neighbours, softmax, dot with trainable param
VeeAlign (entity) + 22,1,2 neighbours(includes multiple parent paths from root)	0.68446578	0.71425193	0.6930056	0.70392974	0.68659277	Optimum threshold 0.669, spellchecked, abbreviation resolved, has removed, oversampled, Dot product of node with neighbours, softmax, dot with trainable param
VeeAlign (entity) + 23,1 neighbours(includes multiple parent paths from root)	0.72091312	0.71696981	0.7159992	0.71580135	0.71830074	Optimum threshold 0.667, spellchecked, abbreviation resolved, has removed, oversampled, Dot product of node with neighbours, softmax, dot with trainable param
VeeAlign (entity) + 23,1 neighbours(includes multiple parent paths from root)	0.72880279	0.67096814	0.69469174	0.67948427	0.71356747	Optimum threshold 0.556, spellchecked, abbreviation resolved, has removed, oversampled, Dot product of node with neighbours, softmax, dot with trainable param
VeeAlign (entity) + 23,1,2 neighbours(includes multiple parent paths from root)	0.68394331	0.72111407	0.69593426	0.70928703	0.68729066	Optimum threshold 0.39, spellchecked, abbreviation resolved, has removed, oversampled, Dot product of node with neighbours, softmax, dot with trainable param
VeeAlign (entity) + 32,1 neighbours(includes multiple parent paths from root)	0.7443064	0.6875497	0.7113709	0.69617209	0.72981385	Optimum threshold 0.68, spellchecked, abbreviation resolved, has removed, oversampled, Dot product of node with neighbours, softmax, dot with trainable param
VeeAlign (entity) + 32,1 neighbours(includes multiple parent paths from root)	0.70984505	0.68067159	0.69103502	0.68398916	0.70107244	Optimum threshold 0.667, spellchecked, abbreviation resolved, has removed, oversampled, Dot product of node with neighbours, softmax, dot with trainable param
VeeAlign (entity) + 32,1,2 neighbours(includes multiple parent paths from root)	0.69958269	0.70172284	0.69669169	0.69877813	0.69743726	Optimum threshold 0.68, spellchecked, abbreviation resolved, has removed, oversampled, Dot product of node with neighbours, softmax, dot with trainable param
VeeAlign (entity) + 34,1 neighbours(includes multiple parent paths from root)	0.74728019	0.70358996	0.72053867	0.70942027	0.7351285	Optimum threshold 0.667, spellchecked, abbreviation resolved, has removed, oversampled, Dot product of node with neighbours, softmax, dot with trainable param
VeeAlign (entity) + 34,1 neighbours(includes multiple parent paths from root)	0.6971139	0.72518042	0.70474374	0.71548772	0.69856363	Optimum threshold 0.68, spellchecked, abbreviation resolved, has removed, oversampled, Dot product of node with neighbours, softmax, dot with trainable param
VeeAlign (entity) + 34,1,2 neighbours(includes multiple parent paths from root)	0.70555842	0.68193512	0.69006835	0.68439231	0.69837347	Optimum threshold 0.68, spellchecked, abbreviation resolved, has removed, oversampled, Dot product of node with neighbours, softmax, dot with trainable param
VeeAlign (entity) + 8,1 neighbours(includes parent path from root)	0.7269512	0.67445176	0.69387814	0.68100298	0.71152501	Optimum threshold 0.538, spellchecked, abbreviation resolved, has removed, oversampled, Dot product of node with neighbours, softmax, dot with trainable param
VeeAlign (entity) + 10,1 neighbours(includes parent path from root)	0.72792284	0.70067105	0.70794285	0.70214064	0.71828212	Optimum threshold 0.667, spellchecked, abbreviation resolved, has removed, oversampled, Dot product of node with neighbours, softmax, dot with trainable param
VeeAlign (entity) + 12,1 neighbours(includes parent path from root)	0.76664982	0.66619646	0.70593645	0.68019637	0.7390535	Optimum threshold 0.652, spellchecked, abbreviation resolved, has removed, oversampled, Dot product of node with neighbours, softmax, dot with trainable param
VeeAlign (entity) + 18,1 neighbours(includes parent path from root)	0.72975738	0.66779918	0.69165728	0.67606957	0.71222953	Optimum threshold 0.667, spellchecked, abbreviation resolved, has removed, oversampled, Dot product of node with neighbours, softmax, dot with trainable param
VeeAlign (entity) + 21,1 neighbours(includes parent path from root)	0.7456942	0.67482088	0.7042936	0.68532136	0.72751947	Optimum threshold 0.667, spellchecked, abbreviation resolved, has removed, oversampled, Dot product of node with neighbours, softmax, dot with trainable param
VeeAlign (entity) + 22,1 neighbours(includes parent path from root)	0.70048738	0.72842598	0.70723319	0.7179261	0.70167334	Optimum threshold 0.667, spellchecked, abbreviation resolved, has removed, oversampled, Dot product of node with neighbours, softmax, dot with trainable param
VeeAlign (entity) + 23,1 neighbours(includes parent path from root)	0.71323352	0.70268927	0.70143922	0.70086589	0.70659478	Optimum threshold 0.667, spellchecked, abbreviation resolved, has removed, oversampled, Dot product of node with neighbours, softmax, dot with trainable param
VeeAlign (entity) + 24,1 neighbours(includes parent path from root)	0.76371867	0.62237292	0.68383603	0.64519314	0.7290275	Optimum threshold 0.667, spellchecked, abbreviation resolved, has removed, oversampled, Dot product of node with neighbours, softmax, dot with trainable param
VeeAlign (entity) + 10,1 neighbours(property matching + datatype props)	0.64264829	0.73265265	0.67364478	0.70481381	0.65232698	Optimum threshold 0.888, optimized entity model + property matching (including datatype props) by passing domain and range through siamese followed by weighted sum, validation size=2
VeeAlign (entity) + 12,1 neighbours(property matching + datatype props)	0.85306122	0.59294258	0.68306245	0.62294624	0.77022279	Optimum threshold 0.961, optimized entity model + property matching (including datatype props) by passing domain and range through siamese followed by weighted sum, validation size=2
VeeAlign (entity) + 18,1 neighbours(property matching + datatype props)	0.85306122	0.57865687	0.67255824	0.60973096	0.76469426	Optimum threshold 0.956, optimized entity model + property matching (including datatype props) by passing domain and range through siamese followed by weighted sum, validation size=2
VeeAlign (entity) + 21,1 neighbours(property matching + datatype props)	0.53983258	0.73844839	0.61661044	0.68190844	0.56690748	Optimum threshold 0.855, optimized entity model + property matching (including datatype props) by passing domain and range through siamese followed by weighted sum, validation size=2
VeeAlign (entity) + 22,1 neighbours(property matching + datatype props)	0.86575964	0.57865687	0.67537316	0.61051267	0.77173807	Optimum threshold 0.961, optimized entity model + property matching (including datatype props) by passing domain and range through siamese followed by weighted sum, validation size=2
VeeAlign (entity) + 23,1 neighbours(property matching + datatype props)	0.77142857	0.69834814	0.72533675	0.70727693	0.75012566	Optimum threshold 0.91, optimized entity model + property matching (including datatype props) by passing domain and range through siamese followed by weighted sum, validation size=2
VeeAlign (entity) + 24,1 neighbours(property matching + datatype props)	0.85565863	0.58818068	0.68003077	0.61864157	0.769757	Optimum threshold 0.956, optimized entity model + property matching (including datatype props) by passing domain and range through siamese followed by weighted sum, validation size=2
VeeAlign (entity) + 28,1 neighbours(property matching + datatype props)	0.84290353	0.60046138	0.68578189	0.62904599	0.76689269	Optimum threshold 0.952, optimized entity model + property matching (including datatype props) by passing domain and range through siamese followed by weighted sum, validation size=2
VeeAlign (entity) + 30,1 neighbours(property matching + datatype props)	0.84267161	0.61236614	0.69199558	0.63889875	0.76904177	Optimum threshold 0.954, optimized entity model + property matching (including datatype props) by passing domain and range through siamese followed by weighted sum, validation size=2
VeeAlign (entity) + 32,1 neighbours(property matching + datatype props)	0.82687075	0.6147471	0.6897586	0.63995007	0.76060163	Optimum threshold 0.933, optimized entity model + property matching (including datatype props) by passing domain and range through siamese followed by weighted sum, validation size=2
VeeAlign (entity) + 34,1 neighbours(property matching + datatype props)	0.86575964	0.59294258	0.68587737	0.62372794	0.77726659	Optimum threshold 0.97, optimized entity model + property matching (including datatype props) by passing domain and range through siamese followed by weighted sum, validation size=2
VeeAlign (entity) + 10,1 neighbours(property matching + sum normalized + datatype props)	0.85402494	0.5994902	0.68676974	0.62839156	0.77225838	Optimum threshold 0.98, optimized entity model + property matching (including datatype props) by passing domain and range through siamese followed by weighted sum with only 2 trainable params (third one is 1-sum), validation size=2
VeeAlign (entity) + 12,1 neighbours(property matching + sum normalized + datatype props)	0.82873634	0.61139496	0.68796197	0.6368865	0.7611264	Optimum threshold 0.958, optimized entity model + property matching (including datatype props) by passing domain and range through siamese followed by weighted sum with only 2 trainable params (third one is 1-sum), validation size=2
VeeAlign (entity) + 18,1 neighbours(property matching + sum normalized + datatype props)	0.82037248	0.67687116	0.73025222	0.69507443	0.77813669	Optimum threshold 0.94, optimized entity model + property matching (including datatype props) by passing domain and range through siamese followed by weighted sum with only 2 trainable params (third one is 1-sum), validation size=2
VeeAlign (entity) + 21,1 neighbours(property matching + sum normalized + datatype props)	0.8342919	0.62091877	0.69458641	0.64532127	0.76631492	Optimum threshold 0.953, optimized entity model + property matching (including datatype props) by passing domain and range through siamese followed by weighted sum with only 2 trainable params (third one is 1-sum), validation size=2
VeeAlign (entity) + 22,1 neighbours(property matching + sum normalized + datatype props)	0.81834673	0.61139496	0.68444549	0.63573674	0.7540826	Optimum threshold 0.956, optimized entity model + property matching (including datatype props) by passing domain and range through siamese followed by weighted sum with only 2 trainable params (third one is 1-sum), validation size=2
VeeAlign (entity) + 23,1 neighbours(property matching + sum normalized + datatype props)	0.8374665	0.62984735	0.7024985	0.65404819	0.77220189	Optimum threshold 0.955, optimized entity model + property matching (including datatype props) by passing domain and range through siamese followed by weighted sum with only 2 trainable params (third one is 1-sum), validation size=2
VeeAlign (entity) + 24,1 neighbours(property matching + sum normalized + datatype props)	0.83133375	0.63520449	0.7059387	0.65901238	0.77171766	Optimum threshold 0.945, optimized entity model + property matching (including datatype props) by passing domain and range through siamese followed by weighted sum with only 2 trainable params (third one is 1-sum), validation size=2
VeeAlign (entity) + 28,1 neighbours(property matching + sum normalized + datatype props)	0.81834673	0.62568068	0.69494969	0.64895202	0.75961113	Optimum threshold 0.945, optimized entity model + property matching (including datatype props) by passing domain and range through siamese followed by weighted sum with only 2 trainable params (third one is 1-sum), validation size=2
VeeAlign (entity) + 30,1 neighbours(property matching + sum normalized + datatype props)	0.83133375	0.6494902	0.71527577	0.67167702	0.77619314	Optimum threshold 0.952, optimized entity model + property matching (including datatype props) by passing domain and range through siamese followed by weighted sum with only 2 trainable params (third one is 1-sum), validation size=2
VeeAlign (entity) + 32,1 neighbours(property matching + sum normalized + datatype props)	0.8062616	0.64212805	0.70348286	0.66302923	0.75839637	Optimum threshold 0.95, optimized entity model + property matching (including datatype props) by passing domain and range through siamese followed by weighted sum with only 2 trainable params (third one is 1-sum), validation size=2
VeeAlign (entity) + 34,1 neighbours(property matching + sum normalized + datatype props)	0.83133375	0.63319948	0.70536272	0.65754822	0.77184344	Optimum threshold 0.951, optimized entity model + property matching (including datatype props) by passing domain and range through siamese followed by weighted sum with only 2 trainable params (third one is 1-sum), validation size=2
VeeAlign (entity) + 10,1 neighbours(property matching + sum normalized)	0.84460936	0.63460925	0.70989474	0.65988651	0.78039119	Optimum threshold 0.959, optimized entity model + property matching (including datatype props) by passing domain and range through siamese followed by weighted sum with only 2 trainable params (third one is 1-sum), validation size=2
VeeAlign (entity) + 12,1 neighbours(property matching + sum normalized)	0.83133375	0.63319948	0.70536272	0.65754822	0.77184344	Optimum threshold 0.954, optimized entity model + property matching (including datatype props) by passing domain and range through siamese followed by weighted sum with only 2 trainable params (third one is 1-sum), validation size=2
VeeAlign (entity) + 18,1 neighbours(property matching + sum normalized)	0.84262523	0.62568068	0.70179951	0.65105307	0.77466775	Optimum threshold 0.959, optimized entity model + property matching (including datatype props) by passing domain and range through siamese followed by weighted sum with only 2 trainable params (third one is 1-sum), validation size=2
VeeAlign (entity) + 21,1 neighbours(property matching + sum normalized)	0.84262523	0.61139496	0.6912953	0.63783779	0.76913922	Optimum threshold 0.961, optimized entity model + property matching (including datatype props) by passing domain and range through siamese followed by weighted sum with only 2 trainable params (third one is 1-sum), validation size=2
VeeAlign (entity) + 22,1 neighbours(property matching + sum normalized)	0.83133375	0.62091877	0.6954345	0.6457971	0.76618914	Optimum threshold 0.958, optimized entity model + property matching (including datatype props) by passing domain and range through siamese followed by weighted sum with only 2 trainable params (third one is 1-sum), validation size=2
VeeAlign (entity) + 23,1 neighbours(property matching + sum normalized)	0.83133375	0.64748519	0.71469979	0.67021286	0.77631892	Optimum threshold 0.949, optimized entity model + property matching (including datatype props) by passing domain and range through siamese followed by weighted sum with only 2 trainable params (third one is 1-sum), validation size=2
VeeAlign (entity) + 24,1 neighbours(property matching + sum normalized)	0.85402494	0.5994902	0.68676974	0.62839156	0.77225838	Optimum threshold 0.966, optimized entity model + property matching (including datatype props) by passing domain and range through siamese followed by weighted sum with only 2 trainable params (third one is 1-sum), validation size=2
VeeAlign (entity) + 28,1 neighbours(property matching + sum normalized)	0.81048237	0.63520449	0.69919877	0.65682925	0.75793151	Optimum threshold 0.944, optimized entity model + property matching (including datatype props) by passing domain and range through siamese followed by weighted sum with only 2 trainable params (third one is 1-sum), validation size=2
VeeAlign (entity) + 30,1 neighbours(property matching + sum normalized)	0.80009276	0.63319948	0.69600434	0.6546332	0.75183952	Optimum threshold 0.945, optimized entity model + property matching (including datatype props) by passing domain and range through siamese followed by weighted sum with only 2 trainable params (third one is 1-sum), validation size=2
VeeAlign (entity) + 32,1 neighbours(property matching + sum normalized)	0.83104515	0.61139496	0.68726041	0.63651845	0.7611264	Optimum threshold 0.955, optimized entity model + property matching (including datatype props) by passing domain and range through siamese followed by weighted sum with only 2 trainable params (third one is 1-sum), validation size=2
VeeAlign (entity) + 34,1 neighbours(property matching + sum normalized)	0.82272727	0.63866769	0.70624973	0.66156576	0.76787948	Optimum threshold 0.948, optimized entity model + property matching (including datatype props) by passing domain and range through siamese followed by weighted sum with only 2 trainable params (third one is 1-sum), validation size=2
VeeAlign (entity) + 8,1 neighbours(property matching)	0.70217623	0.64213401	0.6689065	0.65219608	0.6879324	Optimum threshold 0.639, optimized entity model + property matching by passing domain and range through siamese followed by weighted sum, validation size=2
VeeAlign (entity) + 10,1 neighbours(property matching)	0.52428799	0.77491456	0.61168422	0.69368957	0.55431964	Optimum threshold 0.85, optimized entity model + property matching by passing domain and range through siamese followed by weighted sum, validation size=2
VeeAlign (entity) + 10,1 neighbours(property matching)	0.37015094	0.70571315	0.34327354	0.39733632	0.34642833	Optimum threshold 0.988, optimized entity model + property matching by passing domain and range through siamese followed by weighted sum, validation size=2
VeeAlign (entity) + 12,1 neighbours(property matching)	0.76433725	0.57909547	0.62156356	0.590081	0.68412246	Optimum threshold 1.0, optimized entity model + property matching by passing domain and range through siamese followed by weighted sum, validation size=2
VeeAlign (entity) + 12,1 neighbours(property matching)	0.86575964	0.57865687	0.67537316	0.61051267	0.77173807	Optimum threshold 0.96, optimized entity model + property matching by passing domain and range through siamese followed by weighted sum, validation size=2
VeeAlign (entity) + 18,1 neighbours(property matching)	0.84748505	0.63725792	0.7109457	0.66192795	0.78121138	Optimum threshold 0.93, optimized entity model + property matching by passing domain and range through siamese followed by weighted sum, validation size=2
VeeAlign (entity) + 18,1 neighbours(property matching)	0.71746032	0.52925211	0.59138051	0.54912727	0.65541921	Optimum threshold 1.0, optimized entity model + property matching by passing domain and range through siamese followed by weighted sum, validation size=2
VeeAlign (entity) + 21,1 neighbours(property matching)	0.82029478	0.43818068	0.53651309	0.47016094	0.64897587	Optimum threshold 1.0, optimized entity model + property matching by passing domain and range through siamese followed by weighted sum, validation size=2
VeeAlign (entity) + 21,1 neighbours(property matching)	0.84267161	0.57865687	0.66904176	0.6085812	0.75765046	Optimum threshold 0.949, optimized entity model + property matching by passing domain and range through siamese followed by weighted sum, validation size=2
VeeAlign (entity) + 22,1 neighbours(property matching)	0.16952073	0.84185179	0.19769135	0.25433745	0.17737502	Optimum threshold 0.897, optimized entity model + property matching by passing domain and range through siamese followed by weighted sum, validation size=2
VeeAlign (entity) + 22,1 neighbours(property matching)	0.60316538	0.7130098	0.64584606	0.68231148	0.617997	Optimum threshold 0.878, optimized entity model + property matching by passing domain and range through siamese followed by weighted sum, validation size=2
VeeAlign (entity) + 23,1 neighbours(property matching)	0.82806122	0.60246639	0.68033602	0.62838299	0.75583617	Optimum threshold 0.945, optimized entity model + property matching by passing domain and range through siamese followed by weighted sum, validation size=2
VeeAlign (entity) + 23,1 neighbours(property matching)	0.76252834	0.4546907	0.53780313	0.48033	0.63817746	Optimum threshold 1.0, optimized entity model + property matching by passing domain and range through siamese followed by weighted sum, validation size=2
VeeAlign (entity) + 24,1 neighbours(property matching)	0.32180123	0.71464172	0.27624009	0.31266466	0.29192187	Optimum threshold 0.97, optimized entity model + property matching by passing domain and range through siamese followed by weighted sum, validation size=2
VeeAlign (entity) + 24,1 neighbours(property matching)	0.84267161	0.59294258	0.68043519	0.6221825	0.76407344	Optimum threshold 0.96, optimized entity model + property matching by passing domain and range through siamese followed by weighted sum, validation size=2
VeeAlign (entity) + 28,1 neighbours(property matching)	0.70353535	0.58163306	0.6168678	0.59135079	0.65989043	Optimum threshold 1.0, optimized entity model + property matching by passing domain and range through siamese followed by weighted sum, validation size=2
VeeAlign (entity) + 28,1 neighbours(property matching)	0.85306122	0.59294258	0.68306245	0.62294624	0.77022279	Optimum threshold 0.958, optimized entity model + property matching by passing domain and range through siamese followed by weighted sum, validation size=2
VeeAlign (entity) + 30,1 neighbours(property matching)	0.86575964	0.59294258	0.68587737	0.62372794	0.77726659	Optimum threshold 0.958, optimized entity model + property matching by passing domain and range through siamese followed by weighted sum, validation size=2
VeeAlign (entity) + 30,1 neighbours(property matching)	0.79193221	0.49889496	0.56599306	0.51787936	0.6600224	Optimum threshold 1.0, optimized entity model + property matching by passing domain and range through siamese followed by weighted sum, validation size=2
VeeAlign (entity) + 32,1 neighbours(property matching)	0.85537003	0.57865687	0.67185668	0.60936291	0.76469426	Optimum threshold 0.959, optimized entity model + property matching by passing domain and range through siamese followed by weighted sum, validation size=2
VeeAlign (entity) + 32,1 neighbours(property matching)	0.23835362	0.80062372	0.24324506	0.28427926	0.23699461	Optimum threshold 0.912, optimized entity model + property matching by passing domain and range through siamese followed by weighted sum, validation size=2
VeeAlign (entity) + 34,1 neighbours(property matching)	0.35067213	0.71464172	0.31714252	0.36463035	0.32471538	Optimum threshold 0.975, optimized entity model + property matching by passing domain and range through siamese followed by weighted sum, validation size=2
VeeAlign (entity) + 34,1 neighbours(property matching)	0.70689549	0.67881351	0.68229557	0.6779708	0.69407378	Optimum threshold 0.905, optimized entity model + property matching by passing domain and range through siamese followed by weighted sum, validation size=2
VeeAlign (entity) +  neighbours(sum)	0.72655285	0.72677	0.72356335	0.72481953	0.7245146	Optimum threshold 0.564, Dot product of node with neighbours, softmax, weighted sum
VeeAlign (entity) +  neighbours(trainable param)	0.73249749	0.68682915	0.70717661	0.6944375	0.72169794	Optimum threshold 0.667, Dot product of node with neighbours, softmax, dot with trainable param
VeeAlign (entity) + 8,1,2300 neighbours(trainable param)	0.92913386	0.77631579	0.84587814	0.80272109	0.89393939	Optimum threshold 0.599, Dot product of node with neighbours, softmax, dot with trainable param
VeeAlign (entity) + 8,1,2600 neighbours(trainable param)	0.90977444	0.79605263	0.84912281	0.81646424	0.88450292	Optimum threshold 0.71, Dot product of node with neighbours, softmax, dot with trainable param
VeeAlign (entity) + 10,1,2300 neighbours(trainable param)	0.88194444	0.83552632	0.85810811	0.84441489	0.87225275	Optimum threshold 0.89, Dot product of node with neighbours, softmax, dot with trainable param
VeeAlign (entity) + 10,1,2600 neighbours(trainable param)	0.93650794	0.77631579	0.84892086	0.80381471	0.89939024	Optimum threshold 0.704, Dot product of node with neighbours, softmax, dot with trainable param
VeeAlign (entity) + 12,1,2300 neighbours(trainable param)	0.89130435	0.80921053	0.84827586	0.82439678	0.87357955	Optimum threshold 0.431, Dot product of node with neighbours, softmax, dot with trainable param
VeeAlign (entity) + 12,1,2600 neighbours(trainable param)	0.92913386	0.77631579	0.84587814	0.80272109	0.89393939	Optimum threshold 0.841, Dot product of node with neighbours, softmax, dot with trainable param
VeeAlign (entity) + 18,1,2300 neighbours(trainable param)	0.87857143	0.80921053	0.84246575	0.82219251	0.86376404	Optimum threshold 0.471, Dot product of node with neighbours, softmax, dot with trainable param
VeeAlign (entity) + 18,1,2600 neighbours(trainable param)	0.81578947	0.81578947	0.81578947	0.81578947	0.81578947	Optimum threshold 0.551, Dot product of node with neighbours, softmax, dot with trainable param
VeeAlign (entity) + 21,1,2300 neighbours(trainable param)	0.88970588	0.79605263	0.84027778	0.81317204	0.86925287	Optimum threshold 0.854, Dot product of node with neighbours, softmax, dot with trainable param
VeeAlign (entity) + 21,1,2600 neighbours(trainable param)	0.9140625	0.76973684	0.83571429	0.79483696	0.8810241	Optimum threshold 0.722, Dot product of node with neighbours, softmax, dot with trainable param
VeeAlign (entity) + 23,1,2300 neighbours(trainable param)	0.85810811	0.83552632	0.84666667	0.83994709	0.85349462	Optimum threshold 0.608, Dot product of node with neighbours, softmax, dot with trainable param
VeeAlign (entity) + 23,1,2600 neighbours(trainable param)	0.88489209	0.80921053	0.84536082	0.82329317	0.86864407	Optimum threshold 0.608, Dot product of node with neighbours, softmax, dot with trainable param
VeeAlign (entity) + 24,1,2300 neighbours(trainable param)	0.90909091	0.78947368	0.84507042	0.81081081	0.88235294	Optimum threshold 0.53, Dot product of node with neighbours, softmax, dot with trainable param
VeeAlign (entity) + 24,1,2600 neighbours(trainable param)	0.89312977	0.76973684	0.82685512	0.79161028	0.86538462	Optimum threshold 0.59, Dot product of node with neighbours, softmax, dot with trainable param
VeeAlign (entity) + 28,1,2300 neighbours(trainable param)	0.944	0.77631579	0.85198556	0.80491132	0.90490798	Optimum threshold 0.599, Dot product of node with neighbours, softmax, dot with trainable param
VeeAlign (entity) + 28,1,2600 neighbours(trainable param)	0.89928058	0.82236842	0.85910653	0.83668005	0.88276836	Optimum threshold 0.458, Dot product of node with neighbours, softmax, dot with trainable param
VeeAlign (entity) + 32,1,2300 neighbours(trainable param)	0.91666667	0.79605263	0.85211268	0.81756757	0.88970588	Optimum threshold 0.541, Dot product of node with neighbours, softmax, dot with trainable param
VeeAlign (entity) + 32,1,2600 neighbours(trainable param)	0.90697674	0.76973684	0.83274021	0.79375848	0.8757485	Optimum threshold 0.608, Dot product of node with neighbours, softmax, dot with trainable param
VeeAlign (entity) + 34,1,2300 neighbours(trainable param)	0.91044776	0.80263158	0.85314685	0.82210243	0.88662791	Optimum threshold 0.893, Dot product of node with neighbours, softmax, dot with trainable param
VeeAlign (entity) + 34,1,2600 neighbours(trainable param)	0.92741935	0.75657895	0.83333333	0.78551913	0.88734568	Optimum threshold 0.417, Dot product of node with neighbours, softmax, dot with trainable param
VeeAlign (entity) + 8,1 neighbours(val size = 2)	0.61042053	0.76457621	0.67177438	0.72230049	0.63224723	Optimum threshold 0.865, Optimized entity model
VeeAlign (entity) + 10,1 neighbours(val size = 2)	0.79577922	0.60403281	0.67501	0.62814036	0.73921964	Optimum threshold 0.962, Optimized entity model
VeeAlign (entity) + 12,1 neighbours(val size = 2)	0.57600907	0.76993336	0.64967569	0.71381224	0.60169195	Optimum threshold 0.85, Optimized entity model
VeeAlign (entity) + 18,1 neighbours(val size = 2)	0.77246484	0.70857542	0.7327157	0.71662423	0.75434219	Optimum threshold 0.909, Optimized entity model
VeeAlign (entity) + 21,1 neighbours(val size = 2)	0.75298273	0.69737697	0.71620706	0.7030172	0.73577098	Optimum threshold 0.915, Optimized entity model
VeeAlign (entity) + 22,1 neighbours(val size = 2)	0.74935065	0.66404363	0.69507049	0.67432132	0.72393582	Optimum threshold 0.917, Optimized entity model
VeeAlign (entity) + 23,1 neighbours(val size = 2)	0.64932409	0.75943837	0.69544591	0.7311927	0.66604402	Optimum threshold 0.872, Optimized entity model
VeeAlign (entity) + 32,1 neighbours(val size = 2)	0.61473923	0.76241456	0.67169021	0.72099641	0.63428901	Optimum threshold 0.866, Optimized entity model
VeeAlign (entity) + 34,1 neighbours(val size = 2)	0.52323219	0.76836694	0.61282842	0.693719	0.55428245	Optimum threshold 0.837, Optimized entity model